page_index,time_cycles
0,1214728
page_index,time_cycles
0,876320
page_index,time_cycles
0,449308
page_index,time_cycles
0,1304470
page_index,time_cycles
0,1053542
page_index,time_cycles
0,1401534
page_index,time_cycles
0,2434640
page_index,time_cycles
0,1277856
page_index,time_cycles
0,1406582
page_index,time_cycles
0,970232
page_index,time_cycles
0,1609224
page_index,time_cycles
0,954142
page_index,time_cycles
0,802588
page_index,time_cycles
0,357560
page_index,time_cycles
0,333510
page_index,time_cycles
0,1290270
page_index,time_cycles
0,1959718
page_index,time_cycles
0,1457892
page_index,time_cycles
0,1818636
page_index,time_cycles
0,278126
page_index,time_cycles
0,620578
page_index,time_cycles
0,1601520
page_index,time_cycles
0,784192
page_index,time_cycles
0,1004992
page_index,time_cycles
0,1014192
page_index,time_cycles
0,1000564
page_index,time_cycles
0,1014668
page_index,time_cycles
0,1199242
page_index,time_cycles
0,2069238
page_index,time_cycles
0,1422098
page_index,time_cycles
0,1565838
page_index,time_cycles
0,230004
page_index,time_cycles
0,1492022
page_index,time_cycles
0,357624
page_index,time_cycles
0,790542
page_index,time_cycles
0,1295612
page_index,time_cycles
0,1661910
page_index,time_cycles
0,1495218
page_index,time_cycles
0,1567320
page_index,time_cycles
0,758276
page_index,time_cycles
0,582830
page_index,time_cycles
0,974096
page_index,time_cycles
0,1081526
page_index,time_cycles
0,2210140
page_index,time_cycles
0,537354
page_index,time_cycles
0,1571224
page_index,time_cycles
0,330860
page_index,time_cycles
0,1460940
page_index,time_cycles
0,644552
page_index,time_cycles
0,2190234
page_index,time_cycles
0,2233228
page_index,time_cycles
0,1201844
page_index,time_cycles
0,3785370
page_index,time_cycles
0,852140
page_index,time_cycles
0,283910
page_index,time_cycles
0,2257598
page_index,time_cycles
0,1143216
page_index,time_cycles
0,216220
page_index,time_cycles
0,1058738
page_index,time_cycles
0,1230564
page_index,time_cycles
0,971954
page_index,time_cycles
0,1100800
page_index,time_cycles
0,2079976
page_index,time_cycles
0,518582
page_index,time_cycles
0,1164130
page_index,time_cycles
0,1331294
page_index,time_cycles
0,1215874
page_index,time_cycles
0,1719408
page_index,time_cycles
0,1121510
page_index,time_cycles
0,742754
page_index,time_cycles
0,688218
page_index,time_cycles
0,1300326
page_index,time_cycles
0,986522
page_index,time_cycles
0,304532
page_index,time_cycles
0,1312202
page_index,time_cycles
0,2067880
page_index,time_cycles
0,531288
page_index,time_cycles
0,787954
page_index,time_cycles
0,481472
page_index,time_cycles
0,1453462
page_index,time_cycles
0,282062
page_index,time_cycles
0,718468
page_index,time_cycles
0,3281140
page_index,time_cycles
0,3190476
page_index,time_cycles
0,802234
page_index,time_cycles
0,242054
page_index,time_cycles
0,1856722
page_index,time_cycles
0,1985482
page_index,time_cycles
0,246870
page_index,time_cycles
0,1231622
page_index,time_cycles
0,1383172
page_index,time_cycles
0,1318550
page_index,time_cycles
0,1835994
page_index,time_cycles
0,259842
page_index,time_cycles
0,1599140
page_index,time_cycles
0,759182
page_index,time_cycles
0,261454
page_index,time_cycles
0,1794654
page_index,time_cycles
0,1261038
page_index,time_cycles
0,1340244
page_index,time_cycles
0,980400
page_index,time_cycles
0,1093232
page_index,time_cycles
0,796132
page_index,time_cycles
0,1758672
page_index,time_cycles
0,452654
page_index,time_cycles
0,944454
page_index,time_cycles
0,362058
page_index,time_cycles
0,1173748
page_index,time_cycles
0,1350402
page_index,time_cycles
0,1509444
page_index,time_cycles
0,824496
page_index,time_cycles
0,204586
page_index,time_cycles
0,1065174
page_index,time_cycles
0,1279826
page_index,time_cycles
0,969692
page_index,time_cycles
0,2252222
page_index,time_cycles
0,446950
page_index,time_cycles
0,1898168
page_index,time_cycles
0,743998
page_index,time_cycles
0,783348
page_index,time_cycles
0,273214
page_index,time_cycles
0,1017010
page_index,time_cycles
0,1586856
page_index,time_cycles
0,1653444
page_index,time_cycles
0,1286674
page_index,time_cycles
0,1347416
page_index,time_cycles
0,1376712
page_index,time_cycles
0,1434118
page_index,time_cycles
0,1663422
page_index,time_cycles
0,1242190
page_index,time_cycles
0,841740
page_index,time_cycles
0,1369164
page_index,time_cycles
0,1453622
page_index,time_cycles
0,2287170
page_index,time_cycles
0,1328088
page_index,time_cycles
0,1496384
page_index,time_cycles
0,1407786
page_index,time_cycles
0,1229548
page_index,time_cycles
0,2027062
page_index,time_cycles
0,1174292
page_index,time_cycles
0,1792508
page_index,time_cycles
0,1440288
page_index,time_cycles
0,784674
page_index,time_cycles
0,2244304
page_index,time_cycles
0,1443892
page_index,time_cycles
0,1642272
page_index,time_cycles
0,699410
page_index,time_cycles
0,1383468
page_index,time_cycles
0,1750792
page_index,time_cycles
0,1336242
page_index,time_cycles
0,2071990
page_index,time_cycles
0,923218
page_index,time_cycles
0,640932
page_index,time_cycles
0,1395464
page_index,time_cycles
0,1091900
page_index,time_cycles
0,548962
page_index,time_cycles
0,974192
page_index,time_cycles
0,1338426
page_index,time_cycles
0,953380
page_index,time_cycles
0,1885654
page_index,time_cycles
0,289750
page_index,time_cycles
0,313514
page_index,time_cycles
0,947280
page_index,time_cycles
0,2066464
page_index,time_cycles
0,2910726
page_index,time_cycles
0,2007334
page_index,time_cycles
0,1790352
page_index,time_cycles
0,1039004
page_index,time_cycles
0,2396192
page_index,time_cycles
0,875568
page_index,time_cycles
0,1270068
page_index,time_cycles
0,754528
page_index,time_cycles
0,1631098
page_index,time_cycles
0,217884
page_index,time_cycles
0,1810150
page_index,time_cycles
0,757792
page_index,time_cycles
0,1681598
page_index,time_cycles
0,560562
page_index,time_cycles
0,1316192
page_index,time_cycles
0,2133052
page_index,time_cycles
0,1269250
page_index,time_cycles
0,451872
page_index,time_cycles
0,1718222
page_index,time_cycles
0,1488652
page_index,time_cycles
0,588086
page_index,time_cycles
0,1235312
page_index,time_cycles
0,779808
page_index,time_cycles
0,1485478
page_index,time_cycles
0,1419692
page_index,time_cycles
0,761694
page_index,time_cycles
0,970468
page_index,time_cycles
0,533088
page_index,time_cycles
0,2190300
page_index,time_cycles
0,671642
page_index,time_cycles
0,917614
page_index,time_cycles
0,1342570
page_index,time_cycles
0,786848
page_index,time_cycles
0,230970
page_index,time_cycles
0,259040
page_index,time_cycles
0,786140
page_index,time_cycles
0,1022196
page_index,time_cycles
0,1243510
page_index,time_cycles
0,1289816
page_index,time_cycles
0,741234
page_index,time_cycles
0,1169448
page_index,time_cycles
0,1187234
page_index,time_cycles
0,1167834
page_index,time_cycles
0,1457658
page_index,time_cycles
0,1432692
page_index,time_cycles
0,572066
page_index,time_cycles
0,1605830
page_index,time_cycles
0,221746
page_index,time_cycles
0,1486130
page_index,time_cycles
0,441442
page_index,time_cycles
0,452116
page_index,time_cycles
0,1283254
page_index,time_cycles
0,871234
page_index,time_cycles
0,1420700
page_index,time_cycles
0,1376148
page_index,time_cycles
0,1316234
page_index,time_cycles
0,1285506
page_index,time_cycles
0,1306358
page_index,time_cycles
0,2306886
page_index,time_cycles
0,1278256
page_index,time_cycles
0,1690878
page_index,time_cycles
0,269688
page_index,time_cycles
0,2022608
page_index,time_cycles
0,1917658
page_index,time_cycles
0,1889376
page_index,time_cycles
0,598444
page_index,time_cycles
0,1188608
page_index,time_cycles
0,1662374
page_index,time_cycles
0,1970292
page_index,time_cycles
0,531816
page_index,time_cycles
0,1439268
page_index,time_cycles
0,1455996
page_index,time_cycles
0,209008
page_index,time_cycles
0,407598
page_index,time_cycles
0,2497024
page_index,time_cycles
0,411708
page_index,time_cycles
0,937180
page_index,time_cycles
0,902222
page_index,time_cycles
0,1298458
page_index,time_cycles
0,723604
page_index,time_cycles
0,1839122
page_index,time_cycles
0,1256448
page_index,time_cycles
0,1233322
page_index,time_cycles
0,394964
page_index,time_cycles
0,1720162
page_index,time_cycles
0,255892
page_index,time_cycles
0,1035432
page_index,time_cycles
0,301608
page_index,time_cycles
0,1154214
page_index,time_cycles
0,320000
page_index,time_cycles
0,319068
page_index,time_cycles
0,396840
page_index,time_cycles
0,473670
page_index,time_cycles
0,1318446
page_index,time_cycles
0,1322248
page_index,time_cycles
0,642278
page_index,time_cycles
0,302040
page_index,time_cycles
0,770444
page_index,time_cycles
0,1080756
page_index,time_cycles
0,1245290
page_index,time_cycles
0,779634
page_index,time_cycles
0,1958552
page_index,time_cycles
0,1885328
page_index,time_cycles
0,827440
page_index,time_cycles
0,298612
page_index,time_cycles
0,2405944
page_index,time_cycles
0,1348534
page_index,time_cycles
0,567336
page_index,time_cycles
0,424448
page_index,time_cycles
0,839004
page_index,time_cycles
0,922916
page_index,time_cycles
0,1199240
page_index,time_cycles
0,1184920
page_index,time_cycles
0,1306768
page_index,time_cycles
0,1244050
page_index,time_cycles
0,1277014
page_index,time_cycles
0,1124248
page_index,time_cycles
0,439382
page_index,time_cycles
0,1686104
page_index,time_cycles
0,2191980
page_index,time_cycles
0,1401520
page_index,time_cycles
0,694564
page_index,time_cycles
0,709996
page_index,time_cycles
0,867192
page_index,time_cycles
0,1172722
page_index,time_cycles
0,1209620
page_index,time_cycles
0,606838
page_index,time_cycles
0,1033640
page_index,time_cycles
0,331896
page_index,time_cycles
0,2458134
page_index,time_cycles
0,1026054
page_index,time_cycles
0,1866378
page_index,time_cycles
0,1920246
page_index,time_cycles
0,1271354
page_index,time_cycles
0,1371614
page_index,time_cycles
0,745422
page_index,time_cycles
0,545512
page_index,time_cycles
0,281368
page_index,time_cycles
0,653058
page_index,time_cycles
0,486376
page_index,time_cycles
0,1778274
page_index,time_cycles
0,1552176
page_index,time_cycles
0,1447100
page_index,time_cycles
0,1034216
page_index,time_cycles
0,1249188
page_index,time_cycles
0,272896
page_index,time_cycles
0,2302106
page_index,time_cycles
0,1994652
page_index,time_cycles
0,327982
page_index,time_cycles
0,622174
page_index,time_cycles
0,921634
page_index,time_cycles
0,1392516
page_index,time_cycles
0,1382822
page_index,time_cycles
0,318794
page_index,time_cycles
0,384022
page_index,time_cycles
0,2023686
page_index,time_cycles
0,1347726
page_index,time_cycles
0,1673020
page_index,time_cycles
0,1209588
page_index,time_cycles
0,328602
page_index,time_cycles
0,1380628
page_index,time_cycles
0,888514
page_index,time_cycles
0,207200
page_index,time_cycles
0,808422
page_index,time_cycles
0,1066288
page_index,time_cycles
0,557822
page_index,time_cycles
0,318852
page_index,time_cycles
0,372184
page_index,time_cycles
0,1224514
page_index,time_cycles
0,443376
page_index,time_cycles
0,465500
page_index,time_cycles
0,706520
page_index,time_cycles
0,1409382
page_index,time_cycles
0,1047950
page_index,time_cycles
0,2126040
page_index,time_cycles
0,2392804
page_index,time_cycles
0,1294738
page_index,time_cycles
0,1909648
page_index,time_cycles
0,437362
page_index,time_cycles
0,1089328
page_index,time_cycles
0,596922
page_index,time_cycles
0,1744662
page_index,time_cycles
0,1604256
page_index,time_cycles
0,321212
page_index,time_cycles
0,2781552
page_index,time_cycles
0,320736
page_index,time_cycles
0,1069296
page_index,time_cycles
0,2088994
page_index,time_cycles
0,1408914
page_index,time_cycles
0,1750800
page_index,time_cycles
0,751286
page_index,time_cycles
0,1323090
page_index,time_cycles
0,1527108
page_index,time_cycles
0,1208120
page_index,time_cycles
0,1146666
page_index,time_cycles
0,1067090
page_index,time_cycles
0,1197594
page_index,time_cycles
0,1327254
page_index,time_cycles
0,1711026
page_index,time_cycles
0,1076736
page_index,time_cycles
0,1889636
page_index,time_cycles
0,1232168
page_index,time_cycles
0,1083164
page_index,time_cycles
0,641206
page_index,time_cycles
0,1202772
page_index,time_cycles
0,709118
page_index,time_cycles
0,285560
page_index,time_cycles
0,298928
page_index,time_cycles
0,599340
page_index,time_cycles
0,1474732
page_index,time_cycles
0,1111272
page_index,time_cycles
0,1450814
page_index,time_cycles
0,2349480
page_index,time_cycles
0,257958
page_index,time_cycles
0,1217088
page_index,time_cycles
0,1062252
page_index,time_cycles
0,466392
page_index,time_cycles
0,1477716
page_index,time_cycles
0,1524986
page_index,time_cycles
0,2313124
page_index,time_cycles
0,1298522
page_index,time_cycles
0,318852
page_index,time_cycles
0,271482
page_index,time_cycles
0,257274
page_index,time_cycles
0,1212618
page_index,time_cycles
0,1324256
page_index,time_cycles
0,235034
page_index,time_cycles
0,937140
page_index,time_cycles
0,952172
page_index,time_cycles
0,1652506
page_index,time_cycles
0,1896874
page_index,time_cycles
0,703358
page_index,time_cycles
0,1838436
page_index,time_cycles
0,1791798
page_index,time_cycles
0,292178
page_index,time_cycles
0,1502964
page_index,time_cycles
0,1163116
page_index,time_cycles
0,2388914
page_index,time_cycles
0,1072686
page_index,time_cycles
0,297948
page_index,time_cycles
0,1296454
page_index,time_cycles
0,1291216
page_index,time_cycles
0,434096
page_index,time_cycles
0,343966
page_index,time_cycles
0,206850
page_index,time_cycles
0,1312862
page_index,time_cycles
0,713154
page_index,time_cycles
0,1526480
page_index,time_cycles
0,271044
page_index,time_cycles
0,1073882
page_index,time_cycles
0,1556120
page_index,time_cycles
0,1159592
page_index,time_cycles
0,2534102
page_index,time_cycles
0,310978
page_index,time_cycles
0,1531104
page_index,time_cycles
0,2206366
page_index,time_cycles
0,1515848
page_index,time_cycles
0,1309648
page_index,time_cycles
0,1078524
page_index,time_cycles
0,319622
page_index,time_cycles
0,1917190
page_index,time_cycles
0,2228568
page_index,time_cycles
0,2391176
page_index,time_cycles
0,965400
page_index,time_cycles
0,1201508
page_index,time_cycles
0,1558668
page_index,time_cycles
0,1210216
page_index,time_cycles
0,1044818
page_index,time_cycles
0,274000
page_index,time_cycles
0,1507726
page_index,time_cycles
0,1345916
page_index,time_cycles
0,663476
page_index,time_cycles
0,613212
page_index,time_cycles
0,1239472
page_index,time_cycles
0,1379274
page_index,time_cycles
0,1465070
page_index,time_cycles
0,890010
page_index,time_cycles
0,2311440
page_index,time_cycles
0,1054216
page_index,time_cycles
0,1944492
page_index,time_cycles
0,1655170
page_index,time_cycles
0,1439578
page_index,time_cycles
0,1799656
page_index,time_cycles
0,286108
page_index,time_cycles
0,1198598
page_index,time_cycles
0,1855476
page_index,time_cycles
0,206632
page_index,time_cycles
0,1140750
page_index,time_cycles
0,796800
page_index,time_cycles
0,2117406
page_index,time_cycles
0,390270
page_index,time_cycles
0,952710
page_index,time_cycles
0,926846
page_index,time_cycles
0,1373556
page_index,time_cycles
0,1548914
page_index,time_cycles
0,920724
page_index,time_cycles
0,1558800
page_index,time_cycles
0,245360
page_index,time_cycles
0,912848
page_index,time_cycles
0,3888098
page_index,time_cycles
0,262684
page_index,time_cycles
0,1402636
page_index,time_cycles
0,1158756
page_index,time_cycles
0,1437060
page_index,time_cycles
0,1960596
page_index,time_cycles
0,796356
page_index,time_cycles
0,1827952
page_index,time_cycles
0,1351092
page_index,time_cycles
0,1186190
page_index,time_cycles
0,2481784
page_index,time_cycles
0,1215074
page_index,time_cycles
0,535160
page_index,time_cycles
0,817024
page_index,time_cycles
0,2151696
page_index,time_cycles
0,1714630
page_index,time_cycles
0,1337500
page_index,time_cycles
0,1151648
page_index,time_cycles
0,276930
page_index,time_cycles
0,625528
page_index,time_cycles
0,1129112
page_index,time_cycles
0,1578102
page_index,time_cycles
0,1346210
page_index,time_cycles
0,3912814
page_index,time_cycles
0,1886930
page_index,time_cycles
0,1146842
page_index,time_cycles
0,439654
page_index,time_cycles
0,506940
page_index,time_cycles
0,643188
page_index,time_cycles
0,1305710
page_index,time_cycles
0,1017140
page_index,time_cycles
0,1132448
page_index,time_cycles
0,1277514
page_index,time_cycles
0,1338476
page_index,time_cycles
0,1569032
page_index,time_cycles
0,1575492
page_index,time_cycles
0,1302220
page_index,time_cycles
0,894592
page_index,time_cycles
0,1469964
page_index,time_cycles
0,2035704
page_index,time_cycles
0,1466756
page_index,time_cycles
0,1351456
page_index,time_cycles
0,1863634
page_index,time_cycles
0,1051330
page_index,time_cycles
0,1273296
page_index,time_cycles
0,375298
page_index,time_cycles
0,310718
page_index,time_cycles
0,1430678
page_index,time_cycles
0,2252366
page_index,time_cycles
0,2086090
page_index,time_cycles
0,980452
page_index,time_cycles
0,1562130
page_index,time_cycles
0,630352
page_index,time_cycles
0,2443950
page_index,time_cycles
0,2003252
page_index,time_cycles
0,1295362
page_index,time_cycles
0,806904
page_index,time_cycles
0,981962
page_index,time_cycles
0,262714
page_index,time_cycles
0,1677026
page_index,time_cycles
0,1975674
page_index,time_cycles
0,1956016
page_index,time_cycles
0,1319340
page_index,time_cycles
0,1822430
page_index,time_cycles
0,254268
page_index,time_cycles
0,227464
page_index,time_cycles
0,754304
page_index,time_cycles
0,2794448
page_index,time_cycles
0,1706388
page_index,time_cycles
0,252990
page_index,time_cycles
0,1430024
page_index,time_cycles
0,316302
page_index,time_cycles
0,1026084
page_index,time_cycles
0,207008
page_index,time_cycles
0,1526652
page_index,time_cycles
0,1084138
page_index,time_cycles
0,1643238
page_index,time_cycles
0,1226630
page_index,time_cycles
0,1211524
page_index,time_cycles
0,1067454
page_index,time_cycles
0,556906
page_index,time_cycles
0,1853454
page_index,time_cycles
0,1336714
page_index,time_cycles
0,1443096
page_index,time_cycles
0,1724698
page_index,time_cycles
0,1104788
page_index,time_cycles
0,1493828
page_index,time_cycles
0,664528
page_index,time_cycles
0,1540742
page_index,time_cycles
0,1445578
page_index,time_cycles
0,1788704
page_index,time_cycles
0,285954
page_index,time_cycles
0,1632662
page_index,time_cycles
0,1363674
page_index,time_cycles
0,335888
page_index,time_cycles
0,1341320
page_index,time_cycles
0,1000454
page_index,time_cycles
0,1103322
page_index,time_cycles
0,1836788
page_index,time_cycles
0,561506
page_index,time_cycles
0,1220700
page_index,time_cycles
0,1200808
page_index,time_cycles
0,1739336
page_index,time_cycles
0,415286
page_index,time_cycles
0,1512918
page_index,time_cycles
0,1148922
page_index,time_cycles
0,1099458
page_index,time_cycles
0,1333256
page_index,time_cycles
0,1836296
page_index,time_cycles
0,1943000
page_index,time_cycles
0,200508
page_index,time_cycles
0,1473932
page_index,time_cycles
0,1351092
page_index,time_cycles
0,2798960
page_index,time_cycles
0,1622626
page_index,time_cycles
0,1116454
page_index,time_cycles
0,1564464
page_index,time_cycles
0,630600
page_index,time_cycles
0,1149670
page_index,time_cycles
0,1051268
page_index,time_cycles
0,1037450
page_index,time_cycles
0,329714
page_index,time_cycles
0,1250368
page_index,time_cycles
0,1045936
page_index,time_cycles
0,453008
page_index,time_cycles
0,680698
page_index,time_cycles
0,1158666
page_index,time_cycles
0,379576
page_index,time_cycles
0,687660
page_index,time_cycles
0,1764426
page_index,time_cycles
0,301908
page_index,time_cycles
0,1664788
page_index,time_cycles
0,1396814
page_index,time_cycles
0,222050
page_index,time_cycles
0,890820
page_index,time_cycles
0,1538386
page_index,time_cycles
0,1636850
page_index,time_cycles
0,589528
page_index,time_cycles
0,298220
page_index,time_cycles
0,2311312
page_index,time_cycles
0,334030
page_index,time_cycles
0,1607028
page_index,time_cycles
0,1111884
page_index,time_cycles
0,796768
page_index,time_cycles
0,1788302
page_index,time_cycles
0,451624
page_index,time_cycles
0,843440
page_index,time_cycles
0,278900
page_index,time_cycles
0,969186
page_index,time_cycles
0,1106066
page_index,time_cycles
0,1411442
page_index,time_cycles
0,1951252
page_index,time_cycles
0,1236158
page_index,time_cycles
0,341440
page_index,time_cycles
0,1263472
page_index,time_cycles
0,1407606
page_index,time_cycles
0,218826
page_index,time_cycles
0,1503954
page_index,time_cycles
0,595764
page_index,time_cycles
0,2295426
page_index,time_cycles
0,755918
page_index,time_cycles
0,937728
page_index,time_cycles
0,1255844
page_index,time_cycles
0,1237388
page_index,time_cycles
0,1323532
page_index,time_cycles
0,1179652
page_index,time_cycles
0,1892290
page_index,time_cycles
0,1662978
page_index,time_cycles
0,1111264
page_index,time_cycles
0,752242
page_index,time_cycles
0,310934
page_index,time_cycles
0,1675482
page_index,time_cycles
0,355614
page_index,time_cycles
0,1571058
page_index,time_cycles
0,659294
page_index,time_cycles
0,1104424
page_index,time_cycles
0,1116096
page_index,time_cycles
0,1874464
page_index,time_cycles
0,1831648
page_index,time_cycles
0,1073844
page_index,time_cycles
0,1304702
page_index,time_cycles
0,366094
page_index,time_cycles
0,276104
page_index,time_cycles
0,1278194
page_index,time_cycles
0,974834
page_index,time_cycles
0,1107524
page_index,time_cycles
0,280386
page_index,time_cycles
0,1940724
page_index,time_cycles
0,1309018
page_index,time_cycles
0,1251228
page_index,time_cycles
0,348580
page_index,time_cycles
0,1048336
page_index,time_cycles
0,1372026
page_index,time_cycles
0,1835940
page_index,time_cycles
0,2141700
page_index,time_cycles
0,265608
page_index,time_cycles
0,1033028
page_index,time_cycles
0,348162
page_index,time_cycles
0,1530380
page_index,time_cycles
0,349516
page_index,time_cycles
0,1491240
page_index,time_cycles
0,648276
page_index,time_cycles
0,485994
page_index,time_cycles
0,1650248
page_index,time_cycles
0,1434960
page_index,time_cycles
0,1351164
page_index,time_cycles
0,2873032
page_index,time_cycles
0,550766
page_index,time_cycles
0,1758916
page_index,time_cycles
0,1099202
page_index,time_cycles
0,219300
page_index,time_cycles
0,281914
page_index,time_cycles
0,1318790
page_index,time_cycles
0,1174518
page_index,time_cycles
0,1682086
page_index,time_cycles
0,1197852
page_index,time_cycles
0,1254400
page_index,time_cycles
0,1369162
page_index,time_cycles
0,1055926
page_index,time_cycles
0,708738
page_index,time_cycles
0,947030
page_index,time_cycles
0,1408518
page_index,time_cycles
0,1574388
page_index,time_cycles
0,1836160
page_index,time_cycles
0,994208
page_index,time_cycles
0,1288014
page_index,time_cycles
0,2032442
page_index,time_cycles
0,1194446
page_index,time_cycles
0,222658
page_index,time_cycles
0,746662
page_index,time_cycles
0,1686318
page_index,time_cycles
0,226236
page_index,time_cycles
0,1489992
page_index,time_cycles
0,1330014
page_index,time_cycles
0,596164
page_index,time_cycles
0,1546114
page_index,time_cycles
0,1798302
page_index,time_cycles
0,559794
page_index,time_cycles
0,1204506
page_index,time_cycles
0,1072204
page_index,time_cycles
0,1645160
page_index,time_cycles
0,669558
page_index,time_cycles
0,1561966
page_index,time_cycles
0,316522
page_index,time_cycles
0,662946
page_index,time_cycles
0,1225788
page_index,time_cycles
0,365870
page_index,time_cycles
0,1405136
page_index,time_cycles
0,1064956
page_index,time_cycles
0,1969028
page_index,time_cycles
0,1622828
page_index,time_cycles
0,2155836
page_index,time_cycles
0,1507358
page_index,time_cycles
0,1152160
page_index,time_cycles
0,1422704
page_index,time_cycles
0,1155508
page_index,time_cycles
0,1063256
page_index,time_cycles
0,1681514
page_index,time_cycles
0,971696
page_index,time_cycles
0,1478006
page_index,time_cycles
0,1423656
page_index,time_cycles
0,1597512
page_index,time_cycles
0,758900
page_index,time_cycles
0,1648066
page_index,time_cycles
0,478166
page_index,time_cycles
0,1931986
page_index,time_cycles
0,1194726
page_index,time_cycles
0,1249654
page_index,time_cycles
0,1226878
page_index,time_cycles
0,1089708
page_index,time_cycles
0,1786868
page_index,time_cycles
0,1108194
page_index,time_cycles
0,2085114
page_index,time_cycles
0,697128
page_index,time_cycles
0,2395276
page_index,time_cycles
0,671814
page_index,time_cycles
0,1384810
page_index,time_cycles
0,1636210
page_index,time_cycles
0,361044
page_index,time_cycles
0,848490
page_index,time_cycles
0,580264
page_index,time_cycles
0,1157896
page_index,time_cycles
0,758882
page_index,time_cycles
0,254842
page_index,time_cycles
0,974642
page_index,time_cycles
0,1273152
page_index,time_cycles
0,1787096
page_index,time_cycles
0,600380
page_index,time_cycles
0,463874
page_index,time_cycles
0,784352
page_index,time_cycles
0,1081570
page_index,time_cycles
0,1329406
page_index,time_cycles
0,1716808
page_index,time_cycles
0,793616
page_index,time_cycles
0,1948264
page_index,time_cycles
0,722488
page_index,time_cycles
0,861522
page_index,time_cycles
0,427384
page_index,time_cycles
0,1297612
page_index,time_cycles
0,1252696
page_index,time_cycles
0,1024028
page_index,time_cycles
0,1404502
page_index,time_cycles
0,1214424
page_index,time_cycles
0,617272
page_index,time_cycles
0,310870
page_index,time_cycles
0,1064188
page_index,time_cycles
0,1236392
page_index,time_cycles
0,1698568
page_index,time_cycles
0,512774
page_index,time_cycles
0,743710
page_index,time_cycles
0,278012
page_index,time_cycles
0,1158502
page_index,time_cycles
0,1079250
page_index,time_cycles
0,2767044
page_index,time_cycles
0,1199590
page_index,time_cycles
0,670992
page_index,time_cycles
0,1705372
page_index,time_cycles
0,888722
page_index,time_cycles
0,856170
page_index,time_cycles
0,1594940
page_index,time_cycles
0,394150
page_index,time_cycles
0,1597114
page_index,time_cycles
0,307416
page_index,time_cycles
0,749128
page_index,time_cycles
0,666394
page_index,time_cycles
0,2179166
page_index,time_cycles
0,589834
page_index,time_cycles
0,305762
page_index,time_cycles
0,1420548
page_index,time_cycles
0,1756870
page_index,time_cycles
0,1408664
page_index,time_cycles
0,1834010
page_index,time_cycles
0,1733712
page_index,time_cycles
0,1005648
page_index,time_cycles
0,1302228
page_index,time_cycles
0,306082
page_index,time_cycles
0,249520
page_index,time_cycles
0,614474
page_index,time_cycles
0,1338354
page_index,time_cycles
0,299818
page_index,time_cycles
0,265254
page_index,time_cycles
0,270812
page_index,time_cycles
0,2148378
page_index,time_cycles
0,2425154
page_index,time_cycles
0,1448248
page_index,time_cycles
0,582428
page_index,time_cycles
0,818736
page_index,time_cycles
0,1143496
page_index,time_cycles
0,1286638
page_index,time_cycles
0,1406838
page_index,time_cycles
0,2671666
page_index,time_cycles
0,258138
page_index,time_cycles
0,1339514
page_index,time_cycles
0,726642
page_index,time_cycles
0,350588
page_index,time_cycles
0,1218534
page_index,time_cycles
0,700116
page_index,time_cycles
0,853216
page_index,time_cycles
0,819098
page_index,time_cycles
0,645378
page_index,time_cycles
0,1143888
page_index,time_cycles
0,1048848
page_index,time_cycles
0,1380830
page_index,time_cycles
0,280928
page_index,time_cycles
0,665396
page_index,time_cycles
0,900490
page_index,time_cycles
0,1393938
page_index,time_cycles
0,989186
page_index,time_cycles
0,1492574
page_index,time_cycles
0,1873620
page_index,time_cycles
0,1553564
page_index,time_cycles
0,1275526
page_index,time_cycles
0,284824
page_index,time_cycles
0,268516
page_index,time_cycles
0,270170
page_index,time_cycles
0,227626
page_index,time_cycles
0,1996582
page_index,time_cycles
0,584310
page_index,time_cycles
0,1460120
page_index,time_cycles
0,1022972
page_index,time_cycles
0,1626066
page_index,time_cycles
0,588394
page_index,time_cycles
0,1140612
page_index,time_cycles
0,1897218
page_index,time_cycles
0,527266
page_index,time_cycles
0,1281204
page_index,time_cycles
0,353614
page_index,time_cycles
0,2429336
page_index,time_cycles
0,930598
page_index,time_cycles
0,316500
page_index,time_cycles
0,1186906
page_index,time_cycles
0,2276190
page_index,time_cycles
0,691450
page_index,time_cycles
0,1085428
page_index,time_cycles
0,1298062
page_index,time_cycles
0,836172
page_index,time_cycles
0,1496388
page_index,time_cycles
0,1939900
page_index,time_cycles
0,214448
page_index,time_cycles
0,1236156
page_index,time_cycles
0,1950488
page_index,time_cycles
0,516468
page_index,time_cycles
0,1334658
page_index,time_cycles
0,2049988
page_index,time_cycles
0,2584798
page_index,time_cycles
0,1350366
page_index,time_cycles
0,963196
page_index,time_cycles
0,1338728
page_index,time_cycles
0,1401920
page_index,time_cycles
0,1219320
page_index,time_cycles
0,1112952
page_index,time_cycles
0,1108292
page_index,time_cycles
0,414592
page_index,time_cycles
0,697440
page_index,time_cycles
0,1020716
page_index,time_cycles
0,1742012
page_index,time_cycles
0,234226
page_index,time_cycles
0,983008
page_index,time_cycles
0,255178
page_index,time_cycles
0,598746
page_index,time_cycles
0,309224
page_index,time_cycles
0,2247558
page_index,time_cycles
0,331032
page_index,time_cycles
0,1181766
page_index,time_cycles
0,2064210
page_index,time_cycles
0,1086258
page_index,time_cycles
0,1424136
page_index,time_cycles
0,548572
page_index,time_cycles
0,1023706
page_index,time_cycles
0,1081748
page_index,time_cycles
0,1169216
page_index,time_cycles
0,529608
page_index,time_cycles
0,1248168
page_index,time_cycles
0,1201506
page_index,time_cycles
0,1397478
page_index,time_cycles
0,1399520
page_index,time_cycles
0,1108550
page_index,time_cycles
0,1491658
page_index,time_cycles
0,928186
page_index,time_cycles
0,1302398
page_index,time_cycles
0,335926
page_index,time_cycles
0,798058
page_index,time_cycles
0,782666
page_index,time_cycles
0,2204640
page_index,time_cycles
0,920382
page_index,time_cycles
0,2020564
page_index,time_cycles
0,434246
page_index,time_cycles
0,3880788
page_index,time_cycles
0,1659406
page_index,time_cycles
0,904184
page_index,time_cycles
0,370054
page_index,time_cycles
0,1588598
page_index,time_cycles
0,837130
page_index,time_cycles
0,278110
page_index,time_cycles
0,1119350
page_index,time_cycles
0,746620
page_index,time_cycles
0,3026068
page_index,time_cycles
0,1208450
page_index,time_cycles
0,400658
page_index,time_cycles
0,626046
page_index,time_cycles
0,2411478
page_index,time_cycles
0,1417316
page_index,time_cycles
0,462912
page_index,time_cycles
0,1289752
page_index,time_cycles
0,2460792
page_index,time_cycles
0,749068
page_index,time_cycles
0,1008622
page_index,time_cycles
0,269354
page_index,time_cycles
0,1394492
page_index,time_cycles
0,1213010
page_index,time_cycles
0,385188
page_index,time_cycles
0,1567182
page_index,time_cycles
0,716918
page_index,time_cycles
0,269794
page_index,time_cycles
0,269672
page_index,time_cycles
0,1575452
page_index,time_cycles
0,1535538
page_index,time_cycles
0,1436136
page_index,time_cycles
0,1416630
page_index,time_cycles
0,1126096
page_index,time_cycles
0,1782068
page_index,time_cycles
0,1304060
page_index,time_cycles
0,1527350
page_index,time_cycles
0,310062
page_index,time_cycles
0,1179720
page_index,time_cycles
0,283736
